{
  "timestamp": "2025-10-15T12:03:53",
  "model": "cnn_baseline",
  "strict_accuracy_test": 0.0,
  "best_params": {
    "filters_1": 256,
    "kernel_1": 3,
    "dropout_1": 0.3149388206902477,
    "filters_2": 512,
    "kernel_2": 4,
    "dropout_2": 0.5419165413114366,
    "dense_units": 1024,
    "dropout_3": 0.44231202186221585,
    "lr": 1.6152155101260608e-05,
    "batch_size": 128
  },
  "n_test": 150,
  "n_labels": 10,
  "log_file": "outputs/other_outputs/runs/20251015-113325/logs/cnn_baseline.log"
}