filters_1,kernel_1,dropout_1,filters_2,kernel_2,dropout_2,dense_units,dropout_3,lr,batch_size
256,3,0.3149388206902477,512,4,0.5419165413114366,1024,0.44231202186221585,1.6152155101260608e-05,128
