strict,general,keras_like,hamming_acc,f1,precision,recall,roc_auc_micro,avg_precision_micro,log_loss
0.0,0.0,0.6538461538461537,0.6538461538461539,0.4155844155844156,0.42105263157894735,0.41025641025641024,0.7241476472245703,0.5520369339991982,2.18339580985733
