filters_1,kernel_1,dropout_1,filters_2,kernel_2,dropout_2,dense_units,dropout_3,lr,batch_size
256,6,0.4244148737162609,1024,5,0.4515032694645025,512,0.39714195909935807,0.0010860266356751843,32
