,precision,recall,f1-score,support
0,0.0,0.0,0.0,4.0
1,0.15384615384615385,1.0,0.26666666666666666,2.0
2,0.0,0.0,0.0,4.0
3,0.0,0.0,0.0,3.0
micro avg,0.11764705882352941,0.15384615384615385,0.13333333333333333,13.0
macro avg,0.038461538461538464,0.25,0.06666666666666667,13.0
weighted avg,0.02366863905325444,0.15384615384615385,0.041025641025641026,13.0
samples avg,0.15384615384615385,0.15384615384615385,0.15384615384615385,13.0
