,precision,recall,f1-score,support
0,0.0,0.0,0.0,4.0
1,0.125,0.5,0.2,2.0
2,0.0,0.0,0.0,4.0
3,0.0,0.0,0.0,3.0
micro avg,0.125,0.07692307692307693,0.09523809523809523,13.0
macro avg,0.03125,0.125,0.05,13.0
weighted avg,0.019230769230769232,0.07692307692307693,0.03076923076923077,13.0
samples avg,0.07692307692307693,0.07692307692307693,0.07692307692307693,13.0
