scope,strict,general,keras_like,hamming_acc,f1,precision,recall,roc_auc_micro,avg_precision_micro,log_loss
pigments,0.15384615384615385,0.15384615384615385,0.5,0.5,0.13333333333333333,0.11764705882352941,0.15384615384615385,0.6074950690335307,0.2890960640370104,0.9061076438849127
binders,1.0,1.0,1.0,1.0,1.0,1.0,1.0,1.0,1.0,0.3318715841198147
mixtures,0.07692307692307693,0.07692307692307693,0.6346153846153846,0.6346153846153846,0.09523809523809523,0.125,0.07692307692307693,0.45364891518737677,0.2579904620462396,0.9454165818526025
